timestamp,open,high,low,close,volume
2025-10-28 16:30:29.578,115158.43,115158.44,115158.43,115158.43,0.30333000000000004
2025-10-28 16:30:29.634,115158.43,115158.43,115142.02,115142.02,0.050840000000000274
2025-10-28 16:30:30.147,115142.02,115142.03,115142.02,115142.03,0.15595000000000003
2025-10-28 16:30:30.147,115142.03,115142.03,115142.03,115142.03,0.16826000000000002
2025-10-28 16:30:31.046,115142.03,115142.03,115142.02,115142.02,0.11211000000000002
2025-10-28 16:30:31.315,115142.02,115142.02,115129.81,115129.81,0.06539000000000028
2025-10-28 16:30:31.315,115128.29,115128.29,115127.18,115127.18,0.09298000000000001
2025-10-28 16:30:32.584,115127.18,115127.18,115125.18,115125.18,0.07044000000000004
2025-10-28 16:30:32.584,115125.18,115125.18,115125.18,115125.18,0.10213000000000001
2025-10-28 16:30:33.323,115125.19,115125.19,115125.19,115125.19,0.11758
2025-10-28 16:30:35.393,115125.19,115125.26,115125.19,115125.26,0.30597
2025-10-28 16:30:35.393,115125.26,115125.26,115125.26,115125.26,0.1538
2025-10-28 16:30:35.393,115125.26,115125.26,115125.26,115125.26,0.13573000000000002
2025-10-28 16:30:35.393,115125.26,115125.26,115125.26,115125.26,0.08936000000000001
2025-10-28 16:30:35.393,115125.26,115125.26,115125.26,115125.26,0.26601
2025-10-28 16:30:35.393,115125.26,115125.26,115125.26,115125.26,0.13707
2025-10-28 16:30:35.770,115125.26,115125.26,115125.25,115125.25,0.11812000000000002
2025-10-28 16:30:35.770,115125.25,115125.25,115125.25,115125.25,0.07607000000000001
2025-10-28 16:30:35.770,115125.25,115125.25,115125.25,115125.25,0.23685
2025-10-28 16:30:35.770,115125.25,115125.25,115125.25,115125.25,0.06335
2025-10-28 16:30:35.770,115125.25,115125.25,115125.18,115125.18,0.20429
2025-10-28 16:30:35.771,115125.18,115125.18,115113.17,115113.17,0.054950000000000075
2025-10-28 16:30:35.785,115113.17,115113.17,115113.17,115113.17,0.051000000000000004
2025-10-28 16:30:35.816,115113.17,115113.17,115109.9,115109.9,0.05018000000000008
2025-10-28 16:30:35.816,115109.9,115109.9,115107.22,115107.22,0.09386
2025-10-28 16:30:38.449,115107.22,115107.22,115104.06,115104.07,0.11011000000000001
2025-10-28 16:30:43.996,115104.07,115104.07,115104.06,115104.07,0.08183000000000001
2025-10-28 16:30:43.996,115104.07,115104.07,115104.07,115104.07,0.17676000000000003
2025-10-28 16:30:43.996,115104.07,115104.07,115104.07,115104.07,0.17676000000000003
2025-10-28 16:30:43.996,115104.07,115104.07,115104.07,115104.07,0.07215
2025-10-28 16:30:43.996,115104.07,115104.07,115104.07,115104.07,0.10043
2025-10-28 16:30:43.996,115104.07,115104.07,115104.07,115104.07,0.13573000000000002
2025-10-28 16:30:43.996,115104.07,115104.07,115104.07,115104.07,0.06505
2025-10-28 16:30:43.996,115104.07,115104.07,115104.07,115104.07,0.14198000000000002
2025-10-28 16:30:43.996,115104.07,115104.07,115104.07,115104.07,0.052980000000000006
2025-10-28 16:30:43.997,115104.07,115104.07,115104.07,115104.07,0.12202000000000002
2025-10-28 16:30:43.999,115104.07,115104.07,115104.07,115104.07,0.09272
2025-10-28 16:30:44.001,115104.07,115104.07,115104.07,115104.07,0.07941000000000001
2025-10-28 16:30:44.002,115104.07,115104.07,115104.07,115104.07,0.10401
2025-10-28 16:30:44.003,115104.07,115104.07,115104.07,115104.07,0.10328000000000001
2025-10-28 16:30:44.003,115104.07,115104.07,115104.07,115104.07,0.08160000000000003
2025-10-28 16:30:44.003,115104.07,115104.07,115104.07,115104.07,0.07385000000000001
2025-10-28 16:30:44.003,115104.07,115106.21,115104.07,115106.21,0.08331000000000002
2025-10-28 16:30:44.034,115106.21,115108.67,115106.21,115108.67,0.09212000000000006
2025-10-28 16:30:44.038,115108.67,115108.67,115108.67,115108.67,0.09158
2025-10-28 16:30:44.047,115108.67,115111.51,115108.67,115111.51,0.05700000000000009
2025-10-28 16:30:44.084,115111.51,115119.03,115111.51,115119.03,0.10993
2025-10-28 16:30:44.096,115120.0,115124.99,115120.0,115124.99,0.05895
2025-10-28 16:30:44.188,115124.99,115129.96,115124.99,115129.96,0.4994100000000001
2025-10-28 16:30:44.190,115130.36,115131.89,115130.36,115131.89,0.08175
2025-10-28 16:30:44.190,115132.25,115132.99,115132.25,115132.99,0.10461000000000001
2025-10-28 16:30:44.190,115132.99,115132.99,115132.99,115132.99,0.055490000000000005
2025-10-28 16:30:44.190,115133.48,115134.0,115133.48,115134.0,0.07680000000000001
2025-10-28 16:30:44.192,115134.75,115143.2,115134.75,115143.2,0.06712000000000001
2025-10-28 16:30:44.196,115143.75,115147.35,115143.75,115147.35,0.10006000000000001
2025-10-28 16:30:44.196,115147.86,115148.48,115147.86,115148.48,0.07602
2025-10-28 16:30:44.196,115148.48,115148.48,115148.48,115148.48,0.15825
2025-10-28 16:30:44.197,115148.48,115148.48,115148.48,115148.48,0.09274
2025-10-28 16:30:44.205,115148.48,115148.48,115148.48,115148.48,0.06272
2025-10-28 16:30:44.206,115148.48,115148.48,115148.48,115148.48,0.06078
2025-10-28 16:30:44.219,115143.51,115148.48,115143.51,115148.48,0.06576000000000001
2025-10-28 16:30:44.225,115148.48,115149.41,115148.48,115149.41,0.06701000000000001
2025-10-28 16:30:44.233,115149.41,115151.19,115149.41,115151.19,0.06136
2025-10-28 16:30:44.247,115151.19,115156.79,115151.19,115156.79,0.06186000000000001
2025-10-28 16:30:44.247,115157.8,115159.08,115157.8,115159.08,0.05747000000000001
2025-10-28 16:30:44.247,115159.2,115162.41,115159.2,115162.41,0.05058
2025-10-28 16:30:44.247,115162.53,115163.7,115162.53,115163.7,0.06418
2025-10-28 16:30:44.247,115163.7,115163.7,115163.7,115163.7,0.06356
2025-10-28 16:30:44.249,115163.7,115163.7,115163.7,115163.7,0.10063000000000001
2025-10-28 16:30:44.253,115163.8,115165.71,115163.8,115165.71,0.09124
2025-10-28 16:30:44.253,115165.71,115165.71,115165.71,115165.71,0.0743
2025-10-28 16:30:44.254,115165.71,115165.71,115165.71,115165.71,0.1027
2025-10-28 16:30:44.255,115165.71,115169.59,115165.71,115169.59,0.16655000000000003
2025-10-28 16:30:44.260,115169.59,115169.59,115169.59,115169.59,0.06628
2025-10-28 16:30:44.307,115169.59,115171.63,115154.54,115171.63,0.051120000000000006
2025-10-28 16:30:44.361,115171.93,115173.73,115160.63,115173.73,0.05140000000000001
2025-10-28 16:30:44.428,115173.88,115175.56,115169.04,115175.56,0.05562000000000001
2025-10-28 16:30:44.594,115173.13,115177.85,115173.13,115177.85,0.08097
2025-10-28 16:30:44.600,115177.85,115177.85,115177.85,115177.85,0.12069
2025-10-28 16:30:44.641,115177.93,115180.0,115177.93,115180.0,0.07289999999999999
2025-10-28 16:30:44.758,115180.0,115180.0,115180.0,115180.0,0.13187000000000001
2025-10-28 16:30:44.761,115180.0,115180.0,115180.0,115180.0,0.1085
2025-10-28 16:30:44.763,115180.0,115180.0,115180.0,115180.0,0.08794000000000002
2025-10-28 16:30:44.764,115180.0,115180.0,115180.0,115180.0,0.16666
2025-10-28 16:30:44.771,115180.0,115180.0,115180.0,115180.0,0.26443
2025-10-28 16:30:44.774,115180.0,115180.0,115180.0,115180.0,0.17341
2025-10-28 16:30:44.779,115180.0,115181.92,115180.0,115181.92,0.16276000000000002
2025-10-28 16:30:44.825,115181.92,115182.6,115181.92,115182.6,0.05028000000000001
2025-10-28 16:30:44.837,115182.6,115185.48,115182.6,115185.48,0.0558
2025-10-28 16:30:44.852,115185.53,115187.0,115185.53,115187.0,0.06646
2025-10-28 16:30:44.859,115187.0,115187.0,115187.0,115187.0,0.1976
2025-10-28 16:30:44.864,115187.0,115197.63,115187.0,115197.63,0.05025
2025-10-28 16:30:44.899,115198.0,115200.0,115198.0,115200.0,0.050310000000000014
2025-10-28 16:30:44.911,115200.0,115200.0,115194.57,115200.0,0.060450000000000004
2025-10-28 16:30:45.258,115200.0,115200.0,115190.0,115199.99,0.05151
2025-10-28 16:30:45.362,115200.0,115200.0,115199.99,115200.0,0.055029999999999996
2025-10-28 16:30:45.408,115200.0,115200.0,115200.0,115200.0,0.07921
2025-10-28 16:30:45.429,115200.0,115200.0,115200.0,115200.0,0.051649999999999995
2025-10-28 16:30:45.486,115200.0,115200.0,115200.0,115200.0,0.05665
2025-10-28 16:30:45.488,115200.0,115200.26,115200.0,115200.26,0.051590000000000046
2025-10-28 16:30:45.496,115200.26,115200.71,115200.26,115200.71,0.05172
2025-10-28 16:30:45.497,115200.71,115200.71,115200.71,115200.71,0.050300000000000004
2025-10-28 16:30:45.537,115200.71,115200.71,115200.71,115200.71,0.053020000000000005
2025-10-28 16:30:45.539,115200.71,115200.71,115200.71,115200.71,0.064
2025-10-28 16:30:45.540,115200.71,115200.71,115200.71,115200.71,0.16485
2025-10-28 16:30:45.540,115200.71,115200.71,115200.71,115200.71,0.28149
2025-10-28 16:30:45.567,115200.71,115200.71,115200.71,115200.71,0.13888
2025-10-28 16:30:45.618,115200.71,115208.99,115200.71,115208.99,0.054350000000000016
2025-10-28 16:30:45.623,115208.99,115210.76,115208.99,115210.76,0.08653000000000002
2025-10-28 16:30:45.635,115210.76,115216.91,115210.76,115216.91,0.20900000000000005
2025-10-28 16:30:45.648,115217.16,115220.52,115217.16,115220.52,0.054860000000000006
2025-10-28 16:30:45.666,115220.52,115230.0,115220.52,115230.0,0.051090000000000045
2025-10-28 16:30:45.678,115230.0,115231.95,115230.0,115231.95,0.05339000000000001
2025-10-28 16:30:45.746,115231.95,115236.43,115231.95,115236.43,0.052459999999999986
2025-10-28 16:30:45.796,115235.33,115237.05,115235.33,115237.05,0.15004000000000006
2025-10-28 16:30:45.800,115237.05,115237.05,115237.05,115237.05,0.20253000000000002
2025-10-28 16:30:45.807,115237.05,115237.05,115237.05,115237.05,0.12944
2025-10-28 16:30:45.807,115237.05,115237.05,115237.05,115237.05,0.15288000000000002
2025-10-28 16:30:45.807,115237.05,115237.06,115237.05,115237.06,0.16127000000000002
2025-10-28 16:30:45.812,115237.19,115237.63,115237.19,115237.63,0.05664000000000001
2025-10-28 16:30:45.841,115237.63,115238.29,115237.63,115238.28,0.05025000000000001
2025-10-28 16:30:45.855,115238.28,115238.95,115238.28,115238.95,0.06324
2025-10-28 16:30:45.858,115238.95,115238.95,115238.95,115238.95,0.08680000000000002
2025-10-28 16:30:45.871,115238.95,115238.95,115238.95,115238.95,0.058780000000000006
2025-10-28 16:30:45.883,115239.18,115243.53,115239.18,115243.53,0.06107000000000004
2025-10-28 16:30:45.894,115243.53,115246.69,115243.53,115246.69,0.07031000000000003
2025-10-28 16:30:45.894,115247.03,115249.27,115247.03,115249.26,0.12038000000000001
2025-10-28 16:30:45.902,115249.26,115249.27,115249.26,115249.27,0.11385
2025-10-28 16:30:45.902,115249.37,115250.0,115249.37,115250.0,0.14845
2025-10-28 16:30:45.902,115250.0,115251.86,115250.0,115251.86,0.10358
2025-10-28 16:30:45.903,115251.86,115251.86,115251.86,115251.86,0.10021000000000001
2025-10-28 16:30:45.907,115251.92,115258.29,115251.92,115258.29,0.17279000000000003
2025-10-28 16:30:45.919,115258.36,115261.01,115258.36,115261.01,0.0562
2025-10-28 16:30:45.936,115261.04,115269.41,115261.04,115263.24,0.0542
2025-10-28 16:30:45.940,115269.41,115269.96,115269.41,115269.96,0.06646
2025-10-28 16:30:45.947,115269.96,115269.96,115269.96,115269.96,0.09169000000000002
2025-10-28 16:30:45.951,115269.96,115274.97,115269.96,115274.97,0.05119000000000003
2025-10-28 16:30:45.961,115275.06,115277.12,115269.46,115277.12,0.06581000000000002
2025-10-28 16:30:45.964,115277.12,115277.12,115265.34,115277.12,0.07305
2025-10-28 16:30:45.976,115277.12,115277.12,115263.5,115263.5,0.05707000000000001
2025-10-28 16:30:46.039,115263.5,115277.12,115263.5,115277.12,0.09606000000000008
2025-10-28 16:30:46.056,115277.21,115282.6,115277.11,115282.6,0.05025000000000002
2025-10-28 16:30:46.084,115282.63,115284.0,115278.51,115284.0,0.08036000000000004
2025-10-28 16:30:46.096,115284.0,115284.0,115284.0,115284.0,0.05786
2025-10-28 16:30:46.097,115284.0,115284.0,115284.0,115284.0,0.07215
2025-10-28 16:30:46.103,115284.0,115286.14,115284.0,115286.14,0.05046999999999998
2025-10-28 16:30:46.189,115286.14,115290.0,115285.81,115287.99,0.05271000000000007
2025-10-28 16:30:46.209,115287.99,115291.57,115287.99,115291.57,0.09424000000000002
2025-10-28 16:30:46.213,115291.93,115291.93,115287.99,115291.93,0.05260000000000001
2025-10-28 16:30:46.216,115291.93,115291.93,115291.93,115291.93,0.06308
2025-10-28 16:30:46.222,115291.93,115291.93,115291.93,115291.93,0.12643000000000001
2025-10-28 16:30:46.222,115291.98,115300.0,115291.98,115300.0,0.05583000000000003
2025-10-28 16:30:46.223,115300.0,115300.0,115300.0,115300.0,0.07378000000000001
2025-10-28 16:30:46.225,115300.0,115300.0,115300.0,115300.0,0.05352
2025-10-28 16:30:46.231,115300.0,115300.0,115300.0,115300.0,0.05357
2025-10-28 16:30:46.249,115300.0,115305.22,115300.0,115305.22,0.18582
2025-10-28 16:30:46.249,115305.22,115305.22,115305.22,115305.22,0.09249
2025-10-28 16:30:46.251,115305.22,115305.22,115296.23,115305.22,0.11751
2025-10-28 16:30:46.251,115305.25,115305.85,115305.25,115305.85,0.09289
2025-10-28 16:30:46.256,115305.85,115305.85,115305.85,115305.85,0.1274
2025-10-28 16:30:46.261,115306.57,115306.57,115306.57,115306.57,0.07081000000000001
2025-10-28 16:30:46.280,115306.57,115312.02,115296.23,115311.75,0.05021000000000003
2025-10-28 16:30:46.280,115312.02,115312.02,115312.02,115312.02,0.12276000000000001
2025-10-28 16:30:46.353,115296.23,115298.92,115295.99,115295.99,0.059660000000000005
2025-10-28 16:30:46.426,115296.33,115300.81,115296.33,115300.81,0.053290000000000004
2025-10-28 16:30:46.437,115300.81,115301.4,115300.81,115301.4,0.05332000000000001
2025-10-28 16:30:46.443,115301.42,115312.01,115300.9,115312.01,0.06008
2025-10-28 16:30:46.452,115312.01,115314.9,115312.01,115312.01,0.11127000000000001
2025-10-28 16:30:46.452,115312.01,115312.01,115312.01,115312.01,0.059340000000000004
2025-10-28 16:30:46.452,115311.74,115311.74,115311.74,115311.74,0.07146
2025-10-28 16:30:46.452,115311.74,115311.74,115311.74,115311.74,0.08745000000000001
2025-10-28 16:30:46.452,115300.9,115300.9,115300.9,115300.9,0.0829
2025-10-28 16:30:46.452,115300.9,115300.9,115300.9,115300.9,0.0889
2025-10-28 16:30:46.452,115300.9,115300.9,115300.9,115300.9,0.062450000000000006
2025-10-28 16:30:46.452,115300.58,115300.58,115300.58,115300.58,0.16347
2025-10-28 16:30:46.452,115300.58,115300.58,115300.58,115300.58,0.85931
2025-10-28 16:30:46.452,115299.99,115299.99,115299.99,115299.99,0.0889
2025-10-28 16:30:46.452,115299.99,115299.99,115299.99,115299.99,0.0889
2025-10-28 16:30:46.452,115298.46,115298.46,115298.46,115298.46,0.27093
2025-10-28 16:30:46.496,115298.46,115298.92,115298.46,115298.46,0.26979000000000003
2025-10-28 16:30:46.496,115298.46,115298.46,115298.46,115298.46,0.28997
2025-10-28 16:30:46.496,115298.46,115298.46,115298.46,115298.46,0.30612
2025-10-28 16:30:46.496,115298.46,115298.46,115298.46,115298.46,0.30241000000000007
2025-10-28 16:30:46.580,115296.72,115302.86,115296.33,115301.41,0.09417
2025-10-28 16:30:46.580,115301.41,115301.41,115301.41,115301.41,0.19471000000000002
2025-10-28 16:30:46.641,115301.51,115304.29,115301.51,115304.29,0.05689000000000001
2025-10-28 16:30:46.735,115305.22,115307.01,115302.85,115302.85,0.19787000000000002
2025-10-28 16:30:46.735,115302.85,115302.85,115302.85,115302.85,0.13189
2025-10-28 16:30:46.735,115302.85,115302.85,115302.85,115302.85,0.09717
2025-10-28 16:30:46.742,115302.86,115302.86,115302.86,115302.86,0.08413000000000001
2025-10-28 16:30:46.743,115302.86,115302.86,115302.86,115302.86,0.06745000000000001
2025-10-28 16:30:46.777,115302.86,115302.86,115302.85,115302.85,0.16919
2025-10-28 16:30:46.777,115302.85,115302.85,115302.85,115302.85,0.12474
2025-10-28 16:30:46.778,115302.85,115302.85,115302.85,115302.85,0.051300000000000005
2025-10-28 16:30:46.778,115302.85,115302.85,115302.85,115302.85,0.07563000000000002
2025-10-28 16:30:46.778,115302.85,115302.85,115302.85,115302.85,0.09072000000000001
2025-10-28 16:30:46.779,115302.85,115302.85,115302.85,115302.85,0.05727000000000001
2025-10-28 16:30:46.801,115302.85,115302.85,115299.98,115299.98,0.09641000000000005
2025-10-28 16:30:46.808,115299.98,115299.98,115299.17,115299.17,0.059390000000000005
2025-10-28 16:30:46.882,115299.17,115299.17,115293.68,115293.68,0.07405000000000005
2025-10-28 16:30:46.965,115293.68,115293.68,115282.67,115282.67,0.06598000000000002
2025-10-28 16:30:46.979,115282.63,115282.63,115281.82,115281.82,0.08737000000000002
2025-10-28 16:30:46.979,115281.75,115281.75,115281.74,115281.74,0.47309
2025-10-28 16:30:47.401,115281.74,115281.74,115275.91,115275.92,0.05095000000000001
2025-10-28 16:30:47.403,115275.92,115275.92,115275.92,115275.92,0.05267
2025-10-28 16:30:47.404,115275.92,115275.92,115275.92,115275.92,0.061960000000000015
2025-10-28 16:30:47.406,115275.92,115275.92,115275.92,115275.92,0.11438000000000001
2025-10-28 16:30:47.406,115275.92,115275.93,115275.92,115275.93,0.06206000000000004
2025-10-28 16:30:47.406,115275.93,115275.95,115275.93,115275.95,0.7133700000000001
2025-10-28 16:30:47.415,115275.95,115275.95,115275.95,115275.95,0.12187
2025-10-28 16:30:47.416,115275.95,115275.95,115275.95,115275.95,0.137
2025-10-28 16:30:47.416,115275.95,115275.95,115275.95,115275.95,0.46951000000000004
2025-10-28 16:30:47.416,115275.95,115275.95,115275.95,115275.95,0.07142000000000001
2025-10-28 16:30:47.425,115275.95,115276.95,115275.95,115276.95,0.31600000000000006
2025-10-28 16:30:47.426,115275.96,115276.95,115275.96,115276.95,0.6512
2025-10-28 16:30:47.430,115276.95,115276.95,115276.95,115276.95,0.1535
2025-10-28 16:30:47.430,115276.95,115276.95,115276.95,115276.95,0.881
2025-10-28 16:30:47.431,115276.95,115276.95,115276.95,115276.95,0.05184000000000001
2025-10-28 16:30:47.483,115276.95,115300.81,115276.95,115300.81,0.5818900000000002
2025-10-28 16:30:47.505,115300.81,115305.96,115300.81,115305.96,0.06815000000000002
2025-10-28 16:30:47.591,115305.96,115305.96,115305.95,115305.95,0.11322
2025-10-28 16:30:47.591,115305.95,115305.95,115305.95,115305.95,0.24012
2025-10-28 16:30:47.591,115305.95,115305.95,115305.95,115305.95,0.18219000000000002
2025-10-28 16:30:47.592,115305.95,115305.95,115305.95,115305.95,0.13281
2025-10-28 16:30:47.592,115305.95,115305.95,115305.95,115305.95,0.16359
2025-10-28 16:30:47.592,115305.95,115305.95,115305.95,115305.95,0.056530000000000004
2025-10-28 16:30:47.592,115305.95,115305.95,115305.95,115305.95,0.11634000000000001
2025-10-28 16:30:47.592,115305.95,115305.95,115305.95,115305.95,0.10274000000000001
2025-10-28 16:30:47.592,115305.95,115305.95,115305.95,115305.95,0.08725000000000001
2025-10-28 16:30:47.592,115305.95,115305.95,115305.95,115305.95,0.09198
2025-10-28 16:30:47.592,115305.95,115305.95,115305.95,115305.95,0.08949000000000001
2025-10-28 16:30:47.592,115305.95,115305.95,115305.95,115305.95,0.07396000000000001
2025-10-28 16:30:47.594,115305.95,115305.95,115305.89,115305.89,0.05250000000000002
2025-10-28 16:30:47.595,115305.89,115305.89,115305.89,115305.89,0.3076
2025-10-28 16:30:47.595,115305.89,115305.89,115305.89,115305.89,0.05321000000000001
2025-10-28 16:30:47.598,115305.89,115305.89,115305.89,115305.89,0.27249000000000007
2025-10-28 16:30:47.599,115305.89,115305.89,115305.89,115305.89,0.22347000000000003
2025-10-28 16:30:47.599,115305.89,115305.89,115305.89,115305.89,0.12613000000000002
2025-10-28 16:30:47.599,115305.89,115305.89,115305.89,115305.89,0.10657000000000001
2025-10-28 16:30:47.599,115305.89,115305.89,115305.89,115305.89,0.06912
2025-10-28 16:30:47.599,115305.89,115305.89,115305.89,115305.89,0.12236000000000001
2025-10-28 16:30:47.599,115305.89,115305.89,115305.89,115305.89,0.19264
2025-10-28 16:30:47.599,115305.89,115305.89,115305.89,115305.89,0.13633
2025-10-28 16:30:47.600,115305.89,115305.89,115305.09,115305.09,0.10290000000000002
2025-10-28 16:30:47.606,115305.09,115305.09,115297.27,115297.27,0.17805
2025-10-28 16:30:47.616,115305.07,115305.07,115305.06,115305.06,0.31531
2025-10-28 16:30:47.635,115305.06,115305.06,115305.06,115305.06,0.48510000000000003
2025-10-28 16:30:47.635,115305.06,115305.06,115305.06,115305.06,0.10028000000000001
2025-10-28 16:30:47.637,115305.06,115305.06,115305.06,115305.06,0.21472000000000002
2025-10-28 16:30:47.639,115305.06,115305.06,115305.06,115305.06,0.13579000000000002
2025-10-28 16:30:47.648,115305.06,115305.07,115305.06,115305.06,0.31751
2025-10-28 16:30:47.648,115305.06,115305.06,115305.06,115305.06,0.13573000000000002
2025-10-28 16:30:47.916,115305.06,115305.06,115287.48,115287.48,0.06074000000000006
2025-10-28 16:30:48.607,115287.48,115287.49,115287.48,115287.48,0.14578000000000002
2025-10-28 16:30:48.607,115287.48,115287.48,115287.48,115287.48,0.07438
2025-10-28 16:30:48.607,115287.48,115287.48,115287.48,115287.48,0.06423000000000001
2025-10-28 16:30:48.607,115287.48,115287.48,115287.48,115287.48,0.07460000000000001
2025-10-28 16:30:48.607,115287.48,115287.48,115287.48,115287.48,0.06223000000000001
2025-10-28 16:30:48.607,115287.48,115287.48,115287.48,115287.48,0.08928000000000001
2025-10-28 16:30:48.607,115287.48,115287.48,115287.45,115287.45,0.08338000000000001
2025-10-28 16:30:48.700,115287.45,115287.45,115285.77,115285.77,0.07239000000000001
2025-10-28 16:30:48.700,115285.77,115285.77,115285.77,115285.77,0.13589
2025-10-28 16:30:48.864,115285.75,115285.75,115280.14,115280.14,0.10142000000000001
2025-10-28 16:30:48.868,115280.13,115280.13,115279.72,115279.72,0.05837000000000001
2025-10-28 16:30:48.878,115279.72,115279.72,115278.5,115278.5,0.21095000000000003
2025-10-28 16:30:48.878,115278.5,115278.5,115278.5,115278.5,0.11388000000000001
2025-10-28 16:30:49.201,115278.5,115278.51,115278.5,115278.51,0.05000000000000005
2025-10-28 16:30:49.216,115278.51,115283.93,115278.51,115283.93,0.13527
2025-10-28 16:30:49.915,115283.94,115293.25,115283.94,115293.25,0.051350000000000035
2025-10-28 16:30:49.915,115294.75,115297.1,115294.75,115297.1,0.15057
2025-10-28 16:30:49.986,115298.99,115299.0,115298.99,115299.0,0.15949000000000002
2025-10-28 16:30:49.986,115299.0,115299.0,115299.0,115299.0,0.13573000000000002
2025-10-28 16:30:50.050,115299.0,115299.0,115298.99,115299.0,0.05001000000000002
2025-10-28 16:30:50.768,115299.0,115299.0,115298.99,115298.99,0.06729
2025-10-28 16:30:50.771,115298.99,115298.99,115298.99,115298.99,0.05772000000000001
2025-10-28 16:30:50.805,115299.0,115299.0,115298.99,115298.99,0.19931000000000001
2025-10-28 16:30:50.889,115298.99,115298.99,115288.2,115288.2,0.10811000000000004
2025-10-28 16:30:51.709,115288.2,115288.2,115282.51,115282.52,0.09071000000000003
2025-10-28 16:30:51.709,115282.52,115282.52,115282.52,115282.52,0.05213
2025-10-28 16:30:51.710,115282.52,115282.52,115282.52,115282.52,0.23614000000000002
2025-10-28 16:30:51.718,115282.52,115282.52,115282.52,115282.52,0.09960000000000001
2025-10-28 16:30:51.721,115282.52,115282.52,115282.52,115282.52,0.052790000000000004
2025-10-28 16:30:51.740,115282.52,115287.22,115282.52,115287.22,0.08137000000000008
2025-10-28 16:30:51.740,115287.5,115292.46,115287.5,115292.46,0.09347
2025-10-28 16:30:51.740,115293.25,115301.34,115293.25,115301.34,0.050040000000000015
2025-10-28 16:30:51.740,115301.36,115303.04,115301.36,115303.04,0.22483
2025-10-28 16:30:51.740,115303.05,115303.05,115303.05,115303.05,0.5398200000000001
2025-10-28 16:30:51.777,115304.0,115305.65,115304.0,115305.65,0.050170000000000006
2025-10-28 16:30:52.099,115305.65,115305.65,115305.64,115305.64,0.06728
2025-10-28 16:30:52.215,115305.64,115305.64,115293.62,115293.62,0.13267
2025-10-28 16:30:52.763,115293.62,115293.62,115293.61,115293.61,0.13834000000000002
2025-10-28 16:30:52.763,115293.61,115293.61,115293.61,115293.61,0.06770000000000001
2025-10-28 16:30:52.764,115293.61,115293.61,115293.61,115293.61,0.07607
2025-10-28 16:30:52.764,115293.61,115293.61,115293.61,115293.61,0.07132
2025-10-28 16:30:52.788,115293.61,115293.61,115277.79,115277.79,0.05104000000000004
2025-10-28 16:30:52.807,115277.79,115277.79,115277.5,115277.5,0.08376
2025-10-28 16:30:52.872,115277.51,115277.51,115273.9,115273.9,0.08360000000000001
2025-10-28 16:30:52.872,115273.9,115273.9,115273.89,115273.89,0.07663
2025-10-28 16:30:52.875,115273.89,115273.89,115271.69,115271.69,0.08152000000000001
2025-10-28 16:30:52.875,115270.25,115270.25,115269.01,115269.01,0.09575
2025-10-28 16:30:52.875,115268.35,115268.35,115268.26,115268.26,0.11114000000000002
2025-10-28 16:30:52.889,115267.41,115267.41,115259.17,115259.17,0.16188
2025-10-28 16:30:52.890,115259.17,115259.17,115259.17,115259.17,0.14007
2025-10-28 16:30:52.913,115258.75,115258.75,115253.22,115255.73,0.11057
2025-10-28 16:30:52.914,115255.73,115255.73,115255.73,115255.73,0.06257
2025-10-28 16:30:52.976,115253.23,115253.24,115253.23,115253.23,0.06028
2025-10-28 16:30:53.442,115253.23,115253.24,115253.23,115253.24,0.06436
2025-10-28 16:30:53.442,115253.24,115253.24,115253.24,115253.24,0.07396000000000001
2025-10-28 16:30:53.442,115253.24,115253.24,115253.24,115253.24,0.07462
2025-10-28 16:30:53.443,115253.24,115253.24,115253.24,115253.24,0.08453000000000001
2025-10-28 16:30:53.443,115253.24,115253.24,115253.24,115253.24,0.05983000000000001
2025-10-28 16:30:53.561,115253.24,115264.76,115253.24,115264.76,0.054410000000000014
2025-10-28 16:30:53.789,115264.77,115275.94,115264.77,115275.93,0.11244000000000001
2025-10-28 16:30:53.789,115275.93,115275.93,115275.93,115275.93,0.10634
2025-10-28 16:30:53.789,115275.93,115275.93,115275.93,115275.93,0.08859
2025-10-28 16:30:53.791,115275.93,115275.93,115275.93,115275.93,0.11966
2025-10-28 16:30:53.791,115275.93,115275.93,115275.93,115275.93,0.05117000000000001
2025-10-28 16:30:53.791,115275.93,115275.93,115275.93,115275.93,0.1078
2025-10-28 16:30:53.848,115275.93,115275.93,115272.9,115272.9,0.06280000000000002
2025-10-28 16:30:53.848,115272.9,115272.9,115272.9,115272.9,0.08831
2025-10-28 16:30:53.848,115272.9,115272.9,115272.9,115272.9,0.057640000000000004
2025-10-28 16:30:53.850,115272.9,115272.9,115265.95,115265.95,0.10184
2025-10-28 16:30:54.085,115265.95,115265.95,115256.2,115256.2,0.05382000000000001
2025-10-28 16:30:54.093,115256.2,115256.2,115256.2,115256.2,0.05016
2025-10-28 16:30:54.093,115256.2,115256.2,115256.2,115256.2,0.13573000000000002
2025-10-28 16:30:54.093,115256.2,115256.2,115256.2,115256.2,0.08315
2025-10-28 16:30:54.093,115256.2,115256.2,115256.2,115256.2,0.15924000000000002
2025-10-28 16:30:54.093,115256.2,115256.2,115256.2,115256.2,0.07215
2025-10-28 16:30:54.093,115256.2,115256.2,115256.2,115256.2,0.07816000000000001
2025-10-28 16:30:54.093,115256.2,115256.2,115256.2,115256.2,0.58069
2025-10-28 16:30:54.093,115256.2,115256.2,115256.2,115256.2,0.09894000000000001
2025-10-28 16:30:54.093,115256.2,115256.2,115256.2,115256.2,0.10413000000000001
2025-10-28 16:30:54.093,115256.2,115256.2,115256.2,115256.2,0.08745000000000001
2025-10-28 16:30:54.093,115256.2,115256.2,115256.2,115256.2,0.31411
2025-10-28 16:30:54.093,115256.2,115256.2,115256.2,115256.2,0.08525
2025-10-28 16:30:54.093,115256.2,115256.2,115256.2,115256.2,0.16444
2025-10-28 16:30:54.186,115256.2,115256.2,115256.2,115256.2,0.053570000000000007
2025-10-28 16:30:54.187,115256.2,115266.57,115256.2,115266.57,0.061580000000000024
2025-10-28 16:30:54.187,115266.57,115266.57,115266.57,115266.57,0.08084000000000001
2025-10-28 16:30:54.208,115266.57,115277.08,115266.57,115277.08,0.05002000000000006
2025-10-28 16:30:54.209,115277.08,115290.77,115277.08,115290.77,0.05301
2025-10-28 16:30:54.232,115290.78,115297.83,115290.78,115296.47,0.07746
2025-10-28 16:30:54.253,115290.77,115291.8,115290.77,115291.8,0.051190000000000006
2025-10-28 16:30:54.267,115291.8,115296.46,115291.8,115296.46,0.07796
2025-10-28 16:30:54.669,115296.46,115296.46,115291.79,115291.79,0.05001000000000001
2025-10-28 16:30:54.794,115291.79,115291.79,115291.79,115291.79,0.05004000000000001
2025-10-28 16:30:54.802,115291.79,115291.79,115291.79,115291.79,0.22514
2025-10-28 16:30:54.859,115291.79,115291.79,115291.78,115291.79,0.1109
2025-10-28 16:30:54.859,115291.79,115291.79,115291.79,115291.79,0.07590000000000001
2025-10-28 16:30:55.674,115291.79,115291.79,115291.78,115291.78,0.14736000000000002
2025-10-28 16:30:55.674,115291.78,115291.78,115291.78,115291.78,0.055170000000000004
2025-10-28 16:30:56.116,115291.78,115291.78,115287.59,115287.59,0.07363
2025-10-28 16:30:57.215,115287.59,115287.59,115280.25,115280.26,0.06887000000000001
2025-10-28 16:30:57.667,115280.26,115291.48,115280.26,115291.48,0.06667000000000012
2025-10-28 16:30:57.667,115291.48,115291.48,115291.48,115291.48,0.07935
2025-10-28 16:30:57.667,115291.48,115291.48,115291.48,115291.48,0.17658000000000001
2025-10-28 16:30:57.667,115291.48,115291.48,115291.48,115291.48,0.07935
2025-10-28 16:30:57.667,115291.48,115291.48,115291.48,115291.48,0.16236
2025-10-28 16:30:57.667,115291.48,115291.48,115291.48,115291.48,0.4273600000000001
2025-10-28 16:30:57.667,115291.48,115291.48,115291.48,115291.48,0.315
2025-10-28 16:30:57.752,115291.48,115291.48,115291.48,115291.48,0.05188
2025-10-28 16:30:57.873,115291.48,115291.49,115291.48,115291.49,0.13624000000000003
2025-10-28 16:30:58.541,115291.49,115291.49,115282.7,115282.7,0.07524000000000006
2025-10-28 16:30:58.541,115282.7,115282.7,115280.25,115280.25,0.06460000000000009
2025-10-28 16:30:58.554,115280.25,115280.25,115278.76,115278.76,0.050660000000000004
2025-10-28 16:30:58.563,115278.76,115278.76,115273.62,115273.62,0.05008000000000008
2025-10-28 16:30:58.563,115273.18,115273.18,115273.17,115273.17,0.08405
2025-10-28 16:30:58.566,115273.17,115273.17,115267.14,115267.14,0.07258
2025-10-28 16:30:58.594,115267.14,115267.14,115267.14,115267.14,0.09575
2025-10-28 16:30:58.594,115267.14,115267.14,115267.14,115267.14,0.13030000000000003
2025-10-28 16:30:59.103,115267.14,115267.14,115256.0,115256.0,0.050550000000000046
2025-10-28 16:30:59.103,115256.0,115256.0,115248.96,115248.96,0.07726000000000001
2025-10-28 16:30:59.103,115248.96,115248.96,115248.48,115248.48,0.09461000000000001
2025-10-28 16:30:59.103,115248.0,115248.0,115246.48,115246.48,0.27342
2025-10-28 16:30:59.104,115246.48,115246.48,115244.66,115244.66,0.13428
2025-10-28 16:30:59.106,115244.66,115244.66,115244.66,115244.66,0.21629000000000004
2025-10-28 16:30:59.106,115244.66,115244.66,115244.22,115244.22,0.12052
2025-10-28 16:30:59.106,115244.22,115244.22,115244.22,115244.22,0.16589
2025-10-28 16:30:59.106,115244.22,115244.22,115243.57,115243.57,0.061360000000000005
2025-10-28 16:30:59.107,115243.57,115243.57,115241.28,115241.28,0.08940000000000001
2025-10-28 16:30:59.108,115241.28,115241.28,115241.28,115241.28,0.10999
2025-10-28 16:30:59.110,115241.28,115241.28,115241.28,115241.28,0.06315000000000001
2025-10-28 16:30:59.110,115241.17,115241.17,115237.09,115237.09,0.15214000000000003
2025-10-28 16:30:59.110,115237.04,115237.04,115237.04,115237.04,0.32115000000000005
2025-10-28 16:30:59.110,115236.66,115236.66,115236.46,115236.46,0.08648
2025-10-28 16:30:59.110,115236.46,115236.46,115235.85,115235.85,0.26793
2025-10-28 16:30:59.110,115235.85,115235.85,115235.85,115235.85,0.12946000000000002
2025-10-28 16:30:59.110,115235.76,115235.76,115234.04,115234.04,0.14822
2025-10-28 16:30:59.110,115234.0,115234.0,115233.38,115233.38,0.26220000000000004
2025-10-28 16:30:59.110,115233.11,115233.11,115232.76,115232.76,0.16005
2025-10-28 16:30:59.110,115232.56,115232.56,115230.15,115230.15,0.06564
2025-10-28 16:30:59.110,115230.0,115230.0,115229.82,115229.82,0.07844000000000001
2025-10-28 16:30:59.117,115229.82,115229.82,115229.25,115229.25,0.05031
2025-10-28 16:30:59.120,115229.25,115229.25,115229.25,115229.25,0.10092000000000001
2025-10-28 16:30:59.120,115229.25,115229.25,115229.25,115229.25,0.41316
2025-10-28 16:30:59.120,115229.25,115229.25,115229.25,115229.25,0.47931
2025-10-28 16:30:59.126,115229.12,115229.12,115226.18,115226.18,0.06513000000000001
2025-10-28 16:30:59.126,115226.18,115226.18,115226.18,115226.18,0.05947
2025-10-28 16:30:59.127,115226.0,115226.0,115223.08,115223.08,0.0673
2025-10-28 16:30:59.143,115229.83,115229.83,115221.72,115221.72,0.05433
2025-10-28 16:30:59.148,115221.31,115221.31,115220.07,115220.07,0.2958
2025-10-28 16:30:59.148,115220.02,115220.02,115218.98,115218.98,0.06331
2025-10-28 16:30:59.148,115218.5,115218.5,115218.0,115218.0,0.06111
2025-10-28 16:30:59.148,115218.0,115218.0,115217.6,115217.6,0.08037000000000001
2025-10-28 16:30:59.148,115217.14,115217.14,115217.14,115217.14,0.43542000000000003
2025-10-28 16:30:59.148,115217.13,115217.13,115217.13,115217.13,0.22160000000000002
2025-10-28 16:30:59.148,115216.97,115216.97,115214.63,115214.63,0.14998
2025-10-28 16:30:59.148,115214.54,115214.54,115214.54,115214.54,0.26069000000000003
2025-10-28 16:30:59.148,115214.0,115214.0,115212.76,115212.76,0.37462000000000006
2025-10-28 16:30:59.148,115212.75,115212.75,115211.78,115211.78,0.14938
2025-10-28 16:30:59.148,115211.62,115211.62,115210.53,115210.53,0.05768000000000001
2025-10-28 16:30:59.148,115210.51,115210.51,115209.0,115209.0,0.8525800000000001
2025-10-28 16:30:59.148,115208.94,115208.94,115206.94,115206.94,0.07954
2025-10-28 16:30:59.148,115206.77,115206.77,115205.86,115205.86,0.09407
2025-10-28 16:30:59.148,115204.88,115204.88,115204.71,115204.71,0.29995000000000005
2025-10-28 16:30:59.148,115204.32,115204.32,115201.69,115201.69,0.15373
2025-10-28 16:30:59.148,115201.62,115201.62,115201.26,115201.26,0.1481
2025-10-28 16:30:59.148,115201.25,115201.25,115201.0,115201.0,0.34031
2025-10-28 16:30:59.158,115223.09,115223.09,115220.27,115220.27,0.05238000000000001
2025-10-28 16:30:59.173,115217.14,115217.14,115209.65,115209.65,0.06669
2025-10-28 16:30:59.197,115216.03,115216.03,115204.72,115204.72,0.06352000000000001
2025-10-28 16:30:59.213,115204.72,115204.72,115204.72,115204.72,0.05244000000000001
2025-10-28 16:30:59.386,115213.17,115213.17,115209.65,115209.65,0.08670000000000003
2025-10-28 16:30:59.468,115212.76,115212.76,115210.41,115210.41,0.05466
2025-10-28 16:30:59.501,115210.41,115211.41,115210.41,115211.41,0.05415000000000001
2025-10-28 16:30:59.600,115211.41,115211.41,115210.41,115210.42,0.13537000000000002
2025-10-28 16:30:59.962,115210.42,115210.42,115210.41,115210.42,0.09644000000000001
2025-10-28 16:31:00.008,115210.42,115210.42,115210.42,115210.42,0.11624
2025-10-28 16:31:00.008,115210.42,115210.42,115210.42,115210.42,0.09852
2025-10-28 16:31:00.008,115210.42,115210.42,115210.42,115210.42,0.19368000000000002
2025-10-28 16:31:00.009,115210.42,115210.42,115210.42,115210.42,0.13052
2025-10-28 16:31:00.009,115210.42,115210.42,115210.42,115210.42,0.06216000000000001
2025-10-28 16:31:00.009,115210.42,115210.42,115210.42,115210.42,0.07726000000000001
2025-10-28 16:31:00.010,115210.42,115210.42,115210.42,115210.42,0.08709000000000001
2025-10-28 16:31:00.011,115210.42,115210.42,115210.42,115210.42,0.060700000000000004
2025-10-28 16:31:00.014,115210.42,115210.42,115210.42,115210.42,0.12139
2025-10-28 16:31:00.016,115210.42,115210.42,115210.42,115210.42,0.12881
2025-10-28 16:31:00.016,115210.42,115210.42,115210.42,115210.42,0.061430000000000005
2025-10-28 16:31:00.415,115210.42,115238.8,115210.42,115238.8,0.05054000000000004
2025-10-28 16:31:02.931,115238.8,115249.47,115238.8,115249.46,0.20564000000000002
2025-10-28 16:31:02.931,115249.46,115249.46,115249.46,115249.46,0.09152
2025-10-28 16:31:02.931,115249.46,115249.46,115249.46,115249.46,0.09167
2025-10-28 16:31:02.931,115249.46,115249.46,115249.46,115249.46,0.09167
2025-10-28 16:31:02.932,115249.46,115249.46,115249.46,115249.46,0.32932
2025-10-28 16:31:02.932,115249.46,115249.46,115249.46,115249.46,0.05501000000000001
2025-10-28 16:31:02.958,115249.46,115249.46,115246.58,115246.58,0.051070000000000025
2025-10-28 16:31:03.427,115246.58,115246.58,115237.04,115237.04,0.27018000000000003
2025-10-28 16:31:03.427,115237.04,115237.04,115237.04,115237.04,0.05029000000000001
2025-10-28 16:31:03.640,115237.04,115237.04,115229.5,115229.5,0.058390000000000025
2025-10-28 16:31:04.323,115229.5,115229.5,115220.61,115220.62,0.08363000000000004
2025-10-28 16:31:04.334,115220.62,115220.62,115220.62,115220.62,0.08496000000000001
2025-10-28 16:31:04.334,115220.62,115220.62,115220.62,115220.62,0.11761
2025-10-28 16:31:04.334,115220.62,115220.62,115220.62,115220.62,0.11651000000000002
2025-10-28 16:31:04.815,115220.62,115220.74,115220.62,115220.74,0.05003000000000001
2025-10-28 16:31:04.926,115223.16,115225.53,115223.16,115225.53,0.05041000000000001
2025-10-28 16:31:04.927,115225.53,115225.53,115225.53,115225.53,0.14983000000000002
2025-10-28 16:31:04.927,115225.53,115225.53,115225.53,115225.53,0.13983
2025-10-28 16:31:05.348,115225.53,115237.05,115225.53,115237.05,0.08911000000000002
2025-10-28 16:31:05.349,115237.05,115237.05,115237.05,115237.05,0.15276
2025-10-28 16:31:05.770,115237.05,115250.7,115237.05,115250.7,0.052820000000000006
2025-10-28 16:31:06.031,115250.7,115267.99,115250.7,115267.98,0.07621000000000003
2025-10-28 16:31:06.031,115267.98,115267.98,115267.98,115267.98,0.08816
2025-10-28 16:31:06.031,115267.98,115267.98,115267.98,115267.98,0.16340000000000002
2025-10-28 16:31:06.032,115267.98,115267.98,115267.98,115267.98,0.90688
2025-10-28 16:31:06.032,115267.98,115267.98,115267.98,115267.98,0.15578
2025-10-28 16:31:06.032,115267.98,115267.98,115267.98,115267.98,0.08496000000000001
2025-10-28 16:31:06.032,115267.98,115267.98,115267.98,115267.98,0.08504
2025-10-28 16:31:06.032,115267.98,115267.98,115267.98,115267.98,0.09613000000000001
2025-10-28 16:31:06.032,115267.98,115267.98,115267.98,115267.98,0.44001
2025-10-28 16:31:06.032,115267.98,115267.98,115267.98,115267.98,0.5515100000000001
2025-10-28 16:31:06.032,115267.98,115267.98,115267.98,115267.98,0.28454
2025-10-28 16:31:06.033,115267.98,115267.98,115267.98,115267.98,0.05466
2025-10-28 16:31:06.033,115267.98,115267.98,115267.98,115267.98,0.09061000000000001
2025-10-28 16:31:06.033,115267.98,115267.98,115267.98,115267.98,0.08084000000000001
2025-10-28 16:31:06.036,115267.98,115267.98,115267.98,115267.98,0.09857
2025-10-28 16:31:06.038,115267.98,115267.98,115265.22,115265.22,0.08135
2025-10-28 16:31:06.169,115265.22,115265.22,115263.62,115263.62,0.06319000000000001
2025-10-28 16:31:06.457,115263.62,115263.62,115258.97,115258.98,0.17292000000000002
2025-10-28 16:31:06.629,115258.97,115258.97,115258.97,115258.97,0.10014
2025-10-28 16:31:06.912,115258.97,115258.97,115258.97,115258.97,0.07027
2025-10-28 16:31:06.915,115258.96,115258.96,115258.96,115258.96,0.11929000000000001
2025-10-28 16:31:06.915,115256.09,115256.09,115250.71,115250.71,0.11579
2025-10-28 16:31:07.571,115250.71,115250.71,115241.68,115241.68,0.053000000000000075
2025-10-28 16:31:08.258,115241.68,115241.69,115241.68,115241.69,0.05686
2025-10-28 16:31:08.999,115241.69,115249.38,115241.69,115249.38,0.10625000000000008
2025-10-28 16:31:08.999,115249.38,115249.38,115249.38,115249.38,0.05539
2025-10-28 16:31:08.999,115249.38,115250.02,115249.38,115250.02,0.07769
2025-10-28 16:31:10.371,115250.02,115268.0,115250.02,115268.0,0.051150000000000126
2025-10-28 16:31:10.873,115268.0,115281.99,115268.0,115281.99,0.1259
2025-10-28 16:31:10.873,115281.99,115281.99,115281.99,115281.99,0.0661
2025-10-28 16:31:11.332,115281.98,115281.99,115281.98,115281.99,0.14421
2025-10-28 16:31:12.285,115281.99,115297.99,115281.99,115297.99,0.05003000000000015
2025-10-28 16:31:12.357,115297.99,115305.96,115297.99,115305.96,0.050020000000000155
2025-10-28 16:31:12.816,115306.0,115314.0,115306.0,115314.0,0.050040000000000216
2025-10-28 16:31:12.827,115314.0,115322.0,115314.0,115322.0,0.050030000000000026
2025-10-28 16:31:13.155,115322.0,115325.62,115322.0,115325.62,0.05450000000000002
2025-10-28 16:31:13.192,115325.66,115332.57,115325.66,115332.57,0.06914000000000012
2025-10-28 16:31:13.197,115332.57,115333.33,115332.57,115333.33,0.06237000000000001
2025-10-28 16:31:13.205,115333.33,115338.8,115333.33,115338.8,0.06205000000000005
2025-10-28 16:31:13.316,115338.8,115345.89,115338.8,115345.89,0.05120000000000008
2025-10-28 16:31:13.316,115345.96,115348.31,115345.96,115348.31,0.11634000000000001
2025-10-28 16:31:13.397,115348.79,115348.88,115348.79,115348.87,0.13431
2025-10-28 16:31:13.870,115348.87,115348.88,115348.86,115348.86,0.05921
2025-10-28 16:31:14.015,115348.87,115348.87,115348.86,115348.86,0.05069000000000002
2025-10-28 16:31:14.516,115348.87,115348.88,115348.87,115348.88,0.08209999999999999
2025-10-28 16:31:14.564,115348.88,115348.9,115348.88,115348.9,0.12162
2025-10-28 16:31:14.615,115348.9,115348.9,115348.9,115348.9,0.19668
2025-10-28 16:31:14.615,115348.9,115348.9,115348.9,115348.9,0.29099
2025-10-28 16:31:14.622,115348.9,115353.49,115348.9,115353.49,0.051100000000000007
2025-10-28 16:31:16.314,115353.56,115354.0,115342.0,115342.01,0.11368000000000003
2025-10-28 16:31:16.605,115342.0,115342.0,115341.95,115341.95,0.05427000000000002
2025-10-28 16:31:16.646,115341.95,115341.95,115332.46,115332.47,0.09366000000000008
2025-10-28 16:31:17.279,115332.46,115332.47,115332.46,115332.47,0.1723
2025-10-28 16:31:17.279,115332.47,115332.47,115332.47,115332.47,0.17604
2025-10-28 16:31:17.279,115332.47,115332.47,115332.47,115332.47,0.17388
2025-10-28 16:31:17.279,115332.47,115332.47,115332.47,115332.47,0.13573000000000002
2025-10-28 16:31:17.279,115332.47,115332.47,115332.47,115332.47,0.09295
2025-10-28 16:31:17.279,115332.47,115332.48,115332.47,115332.48,0.08223000000000001
2025-10-28 16:31:17.333,115332.48,115338.46,115332.48,115338.46,0.05149000000000016
2025-10-28 16:31:17.394,115338.46,115350.69,115338.46,115350.69,0.13169
2025-10-28 16:31:18.256,115350.69,115350.7,115350.69,115350.69,0.06290000000000001
2025-10-28 16:31:18.256,115350.69,115350.69,115350.69,115350.69,0.07458000000000001
2025-10-28 16:31:18.357,115350.69,115350.69,115340.06,115340.06,0.1118
2025-10-28 16:31:18.511,115340.06,115340.06,115330.53,115330.53,0.05005000000000008
2025-10-28 16:31:19.254,115330.53,115330.53,115327.5,115327.5,0.07946000000000009
2025-10-28 16:31:20.034,115327.5,115327.5,115307.75,115307.75,0.06458000000000011
2025-10-28 16:31:20.541,115307.75,115307.75,115307.75,115307.75,0.13573000000000002
2025-10-28 16:31:20.541,115307.75,115307.76,115307.75,115307.76,0.050870000000000005
2025-10-28 16:31:21.852,115307.76,115327.2,115307.76,115327.19,0.18574000000000002
2025-10-28 16:31:21.852,115327.19,115327.19,115327.19,115327.19,0.10913
2025-10-28 16:31:21.857,115327.19,115327.19,115327.19,115327.19,0.08208000000000001
2025-10-28 16:31:21.857,115327.19,115327.19,115327.19,115327.19,0.05047
2025-10-28 16:31:22.099,115327.19,115327.19,115320.0,115320.0,0.05180000000000004
2025-10-28 16:31:22.101,115320.0,115320.0,115316.24,115316.24,0.08671
2025-10-28 16:31:22.112,115316.24,115316.24,115310.47,115310.47,0.09240000000000001
2025-10-28 16:31:22.566,115310.47,115310.47,115299.3,115299.31,0.0874
2025-10-28 16:31:24.088,115299.31,115299.31,115282.0,115282.0,0.05018000000000012
2025-10-28 16:31:25.168,115282.0,115282.0,115281.73,115281.73,0.0515
2025-10-28 16:31:25.168,115281.73,115281.73,115281.73,115281.73,0.13643000000000002
2025-10-28 16:31:25.168,115281.73,115281.73,115281.73,115281.73,0.07468
2025-10-28 16:31:25.168,115281.73,115281.73,115280.0,115280.0,0.07500000000000001
2025-10-28 16:31:25.910,115280.0,115280.0,115278.07,115278.07,0.06317000000000003
2025-10-28 16:31:27.058,115278.08,115278.08,115278.07,115278.08,0.13683
2025-10-28 16:31:27.063,115278.08,115280.96,115278.08,115280.96,0.05154000000000011
2025-10-28 16:31:27.394,115280.96,115290.4,115280.95,115290.4,0.08028000000000023
2025-10-28 16:31:29.163,115290.4,115297.87,115290.4,115297.87,0.09106000000000003
2025-10-28 16:31:29.813,115297.87,115304.78,115297.87,115304.78,0.051880000000000155
2025-10-28 16:31:29.813,115304.78,115305.5,115304.78,115305.5,0.06343
2025-10-28 16:31:29.813,115305.5,115311.99,115305.5,115311.99,0.09179000000000001
2025-10-28 16:31:29.816,115311.99,115311.99,115311.99,115311.99,0.13573000000000002
2025-10-28 16:31:29.816,115311.99,115311.99,115311.99,115311.99,0.08998
2025-10-28 16:31:30.291,115311.99,115311.99,115311.98,115311.98,0.4545
2025-10-28 16:31:30.291,115311.98,115311.98,115311.98,115311.98,0.16792
2025-10-28 16:31:31.115,115311.98,115311.98,115311.91,115311.91,0.051920000000000105
2025-10-28 16:31:33.515,115311.91,115311.91,115293.65,115293.66,0.05588
2025-10-28 16:31:34.765,115293.66,115304.74,115293.66,115304.74,0.06411000000000003
2025-10-28 16:31:34.765,115304.74,115304.74,115304.74,115304.74,0.10362
2025-10-28 16:31:36.223,115304.74,115323.68,115304.74,115323.68,0.0903500000000001
2025-10-28 16:31:36.988,115323.68,115333.02,115323.68,115333.02,0.05458000000000002
2025-10-28 16:31:37.409,115333.02,115338.66,115333.02,115338.66,0.11941000000000007
2025-10-28 16:31:37.652,115338.66,115348.99,115338.66,115348.99,0.12193000000000005
2025-10-28 16:31:37.652,115348.99,115348.99,115348.99,115348.99,0.08814999999999999
2025-10-28 16:31:37.652,115348.99,115348.99,115348.99,115348.99,0.08612
2025-10-28 16:31:37.652,115348.99,115348.99,115348.99,115348.99,0.11367000000000001
2025-10-28 16:31:37.652,115348.99,115348.99,115348.99,115348.99,0.19384000000000004
2025-10-28 16:31:37.652,115348.99,115348.99,115348.99,115348.99,0.08629
2025-10-28 16:31:37.652,115348.99,115348.99,115348.99,115348.99,0.16855000000000003
2025-10-28 16:31:37.652,115348.99,115348.99,115348.99,115348.99,0.057170000000000006
2025-10-28 16:31:37.652,115348.99,115349.01,115348.99,115349.01,0.05534000000000001
2025-10-28 16:31:38.213,115349.01,115350.75,115349.01,115350.75,0.14043000000000003
2025-10-28 16:31:38.223,115350.75,115360.0,115350.75,115360.0,0.06497000000000003
2025-10-28 16:31:38.261,115360.0,115360.59,115360.0,115360.55,0.05051000000000003
2025-10-28 16:31:39.324,115360.55,115364.19,115360.54,115364.18,0.18971000000000018
2025-10-28 16:31:39.331,115364.18,115364.18,115364.18,115364.18,0.31150000000000005
2025-10-28 16:31:39.376,115364.18,115364.18,115354.28,115354.28,0.051430000000000024
2025-10-28 16:31:40.604,115354.28,115354.28,115341.81,115341.82,0.16313
2025-10-28 16:31:40.604,115341.82,115341.82,115341.82,115341.82,0.05034000000000001
2025-10-28 16:31:40.604,115341.82,115341.82,115341.82,115341.82,0.07458000000000001
2025-10-28 16:31:40.604,115341.82,115341.82,115341.82,115341.82,0.18051
2025-10-28 16:31:40.604,115341.82,115341.82,115341.82,115341.82,0.057190000000000005
2025-10-28 16:31:41.334,115341.81,115341.81,115341.8,115341.81,0.057970000000000015
2025-10-28 16:31:41.361,115341.8,115341.8,115332.27,115332.27,0.12144000000000005
2025-10-28 16:31:41.382,115332.27,115332.27,115326.82,115326.82,0.05034999999999999
2025-10-28 16:31:41.388,115326.82,115326.82,115314.96,115314.96,0.05063000000000007
2025-10-28 16:31:41.443,115315.58,115315.58,115314.96,115314.97,0.06301000000000001
2025-10-28 16:31:41.460,115314.96,115314.96,115314.96,115314.96,0.05247
2025-10-28 16:31:41.463,115314.96,115314.96,115314.47,115314.47,0.050690000000000006
2025-10-28 16:31:41.463,115314.38,115314.38,115309.81,115309.81,0.05001000000000002
2025-10-28 16:31:41.609,115309.81,115309.81,115303.66,115303.67,0.10691
2025-10-28 16:31:41.609,115303.67,115303.67,115303.67,115303.67,0.0855
2025-10-28 16:31:41.612,115303.67,115303.67,115303.67,115303.67,0.31247
2025-10-28 16:31:41.612,115303.67,115303.67,115303.67,115303.67,0.16128
2025-10-28 16:31:41.612,115303.67,115303.67,115303.67,115303.67,0.10039000000000001
2025-10-28 16:31:41.614,115303.67,115303.67,115303.67,115303.67,0.09745000000000001
2025-10-28 16:31:41.615,115303.67,115303.67,115303.67,115303.67,0.09393000000000001
2025-10-28 16:31:41.615,115303.67,115303.67,115303.67,115303.67,0.12608
2025-10-28 16:31:41.615,115303.67,115303.67,115303.67,115303.67,0.07132000000000001
2025-10-28 16:31:41.615,115303.67,115303.67,115303.67,115303.67,0.10060000000000001
2025-10-28 16:31:41.615,115303.67,115303.67,115303.67,115303.67,0.09182
2025-10-28 16:31:41.615,115303.67,115303.68,115303.67,115303.68,0.06501000000000001
2025-10-28 16:31:41.647,115303.9,115305.27,115303.9,115305.27,0.050800000000000005
2025-10-28 16:31:41.656,115305.27,115305.27,115305.27,115305.27,0.06904
2025-10-28 16:31:41.663,115305.27,115314.01,115305.27,115314.01,0.06053000000000003
2025-10-28 16:31:41.668,115314.01,115316.25,115314.01,115316.25,0.13913000000000003
2025-10-28 16:31:41.668,115316.85,115319.81,115316.85,115319.81,0.24598000000000003
2025-10-28 16:31:41.730,115319.81,115319.81,115319.81,115319.81,0.13573000000000002
2025-10-28 16:31:41.735,115319.81,115328.74,115319.81,115328.74,0.0542
2025-10-28 16:31:41.801,115328.74,115328.74,115328.74,115328.74,0.20035000000000003
2025-10-28 16:31:42.216,115328.73,115338.33,115328.73,115338.33,0.06616000000000004
2025-10-28 16:31:42.594,115338.34,115338.34,115338.33,115338.34,0.06816
2025-10-28 16:31:42.702,115338.34,115338.34,115338.34,115338.34,0.061700000000000005
2025-10-28 16:31:42.832,115338.34,115341.82,115338.34,115341.82,0.1527800000000001
2025-10-28 16:31:44.226,115341.83,115355.62,115341.83,115354.48,0.05692000000000001
2025-10-28 16:31:44.930,115354.49,115364.15,115354.49,115364.15,0.19485000000000002
2025-10-28 16:31:45.125,115364.16,115364.16,115364.15,115364.15,0.058690000000000006
2025-10-28 16:31:45.255,115364.15,115364.15,115364.15,115364.15,0.09765000000000001
2025-10-28 16:31:45.255,115364.15,115364.15,115364.15,115364.15,0.0994
2025-10-28 16:31:45.256,115364.15,115364.15,115364.15,115364.15,0.1459
2025-10-28 16:31:45.256,115364.15,115364.15,115364.15,115364.15,0.08940000000000001
2025-10-28 16:31:45.256,115364.15,115364.15,115364.15,115364.15,0.08724000000000001
2025-10-28 16:31:45.256,115364.15,115364.15,115364.15,115364.15,0.18686000000000003
2025-10-28 16:31:45.256,115364.15,115364.15,115364.15,115364.15,0.11334000000000001
2025-10-28 16:31:45.290,115364.15,115364.15,115357.31,115357.31,0.14041000000000003
2025-10-28 16:31:46.283,115357.3,115357.3,115350.94,115350.95,0.09336
2025-10-28 16:31:46.313,115350.95,115350.95,115350.95,115350.95,0.06923
2025-10-28 16:31:47.838,115350.94,115350.94,115343.44,115343.44,0.18285000000000012
2025-10-28 16:31:48.161,115343.44,115343.44,115333.34,115333.34,0.06943000000000005
2025-10-28 16:31:48.162,115333.34,115333.34,115333.34,115333.34,0.07278000000000001
2025-10-28 16:31:48.294,115333.34,115333.34,115318.94,115318.95,0.060750000000000026
2025-10-28 16:31:48.559,115318.95,115318.95,115318.94,115318.94,0.33751000000000003
2025-10-28 16:31:48.684,115318.94,115318.94,115307.41,115307.42,0.05930000000000006
2025-10-28 16:31:49.515,115307.41,115307.42,115298.0,115298.0,0.050800000000000144
2025-10-28 16:31:49.515,115298.0,115298.0,115293.25,115293.25,0.06285000000000002
2025-10-28 16:31:52.298,115293.25,115293.25,115290.12,115290.12,0.17921000000000004
2025-10-28 16:31:52.298,115290.12,115290.12,115290.12,115290.12,0.056600000000000004
2025-10-28 16:31:53.542,115290.12,115290.13,115290.12,115290.12,0.30133000000000004
2025-10-28 16:31:53.584,115290.12,115290.12,115287.99,115287.99,0.05003000000000015
2025-10-28 16:31:53.603,115287.99,115287.99,115280.86,115280.86,0.14223000000000005
2025-10-28 16:31:54.015,115280.86,115280.87,115276.0,115276.0,0.050050000000000094
2025-10-28 16:31:55.172,115276.0,115276.0,115272.01,115272.01,0.11278
2025-10-28 16:31:55.172,115272.01,115272.01,115272.01,115272.01,0.07922
2025-10-28 16:31:56.815,115272.02,115272.02,115265.37,115265.37,0.05004000000000011
2025-10-28 16:31:57.258,115264.93,115264.93,115262.49,115262.49,0.15912
2025-10-28 16:31:57.825,115262.49,115262.49,115262.49,115262.49,0.08646000000000001
2025-10-28 16:31:57.826,115262.49,115262.49,115262.49,115262.49,0.06037000000000001
2025-10-28 16:31:57.826,115262.49,115262.49,115262.49,115262.49,0.08185
2025-10-28 16:31:57.826,115262.49,115262.49,115262.49,115262.49,0.06594
2025-10-28 16:31:57.826,115262.49,115262.49,115262.49,115262.49,0.09107000000000001
2025-10-28 16:31:57.826,115262.49,115262.49,115262.49,115262.49,0.08857000000000001
2025-10-28 16:31:57.826,115262.49,115262.49,115262.49,115262.49,0.11876
2025-10-28 16:31:57.828,115262.49,115262.49,115262.49,115262.49,0.17350000000000002
2025-10-28 16:31:57.830,115262.49,115262.49,115262.49,115262.49,0.4696
2025-10-28 16:31:57.841,115262.49,115262.49,115252.96,115252.96,0.06784000000000004
2025-10-28 16:31:57.854,115252.96,115252.96,115252.96,115252.96,0.056220000000000006
2025-10-28 16:31:57.906,115252.96,115252.96,115243.5,115243.5,0.05118000000000002
2025-10-28 16:31:58.055,115243.51,115243.51,115243.5,115243.5,0.05018000000000001
2025-10-28 16:31:58.065,115243.5,115243.5,115237.04,115237.04,0.051300000000000096
2025-10-28 16:31:58.133,115237.04,115237.05,115237.04,115237.04,0.09274000000000002
2025-10-28 16:31:58.157,115237.04,115237.05,115237.04,115237.05,0.05904000000000001
2025-10-28 16:31:58.350,115237.04,115237.04,115237.04,115237.04,0.20047000000000004
2025-10-28 16:31:58.377,115237.04,115237.04,115226.0,115226.0,0.050180000000000204
2025-10-28 16:31:58.414,115226.0,115226.0,115220.41,115220.41,0.07582
2025-10-28 16:31:58.421,115220.42,115220.42,115220.41,115220.41,0.13037
2025-10-28 16:31:58.458,115220.42,115220.42,115220.4,115220.4,0.05237000000000004
2025-10-28 16:31:59.600,115220.41,115220.41,115220.0,115220.0,0.09838000000000002
2025-10-28 16:31:59.672,115220.0,115220.0,115220.0,115220.0,0.13745000000000002
2025-10-28 16:31:59.672,115220.0,115220.0,115220.0,115220.0,0.07614000000000001
2025-10-28 16:31:59.672,115220.0,115220.0,115220.0,115220.0,0.07786000000000001
2025-10-28 16:31:59.672,115220.0,115220.0,115220.0,115220.0,0.09156
2025-10-28 16:31:59.672,115220.0,115220.0,115220.0,115220.0,0.05179
2025-10-28 16:31:59.672,115220.0,115220.0,115220.0,115220.0,0.1
2025-10-28 16:31:59.672,115220.0,115220.0,115220.0,115220.0,0.12811
2025-10-28 16:31:59.672,115219.99,115219.99,115216.28,115216.28,0.13844
2025-10-28 16:31:59.676,115216.28,115216.28,115215.11,115215.11,0.08770000000000003
2025-10-28 16:31:59.677,115215.11,115215.11,115215.11,115215.11,0.053
2025-10-28 16:31:59.678,115215.11,115215.11,115213.09,115213.09,0.05230000000000003
2025-10-28 16:31:59.680,115213.09,115213.09,115206.51,115206.51,0.051230000000000005
2025-10-28 16:31:59.733,115206.5,115206.5,115200.0,115200.0,0.07916000000000009
2025-10-28 16:31:59.802,115200.0,115200.0,115199.98,115199.98,0.05621000000000002
2025-10-28 16:31:59.803,115199.98,115199.98,115199.98,115199.98,0.069
2025-10-28 16:31:59.804,115199.98,115199.99,115199.98,115199.98,0.06870000000000001
2025-10-28 16:31:59.805,115199.98,115199.98,115199.98,115199.98,0.22832000000000002
2025-10-28 16:31:59.813,115199.97,115199.97,115193.5,115193.5,0.05663
2025-10-28 16:31:59.922,115193.5,115193.5,115185.43,115185.43,0.051840000000000046
2025-10-28 16:31:59.984,115185.43,115185.43,115179.01,115179.01,0.13552000000000003
2025-10-28 16:32:00.015,115179.01,115179.01,115179.01,115179.01,0.06337000000000001
2025-10-28 16:32:00.097,115179.02,115179.02,115179.02,115179.02,0.09745000000000001
2025-10-28 16:32:00.097,115179.02,115179.02,115179.02,115179.02,0.09745000000000001
2025-10-28 16:32:00.098,115179.02,115179.02,115179.02,115179.02,0.16978
2025-10-28 16:32:00.102,115179.02,115179.02,115179.02,115179.02,0.22276
2025-10-28 16:32:00.102,115179.02,115179.02,115179.02,115179.02,0.13154000000000002
2025-10-28 16:32:00.103,115179.02,115179.02,115179.02,115179.02,0.18234
2025-10-28 16:32:00.103,115179.02,115179.02,115179.02,115179.02,0.7221000000000001
2025-10-28 16:32:00.103,115179.02,115179.02,115179.02,115179.02,0.13573000000000002
2025-10-28 16:32:00.103,115179.02,115179.02,115179.02,115179.02,0.30000000000000004
2025-10-28 16:32:00.103,115179.02,115179.02,115179.02,115179.02,0.1398
2025-10-28 16:32:00.103,115179.02,115179.02,115179.02,115179.02,0.07600000000000001
2025-10-28 16:32:00.103,115179.02,115179.02,115179.02,115179.02,0.08725000000000001
2025-10-28 16:32:00.103,115179.02,115179.02,115179.02,115179.02,0.13559000000000002
2025-10-28 16:32:00.103,115179.02,115179.58,115179.02,115179.58,0.53415
2025-10-28 16:32:00.103,115179.58,115179.6,115179.58,115179.6,0.08336
2025-10-28 16:32:00.103,115179.6,115179.6,115179.6,115179.6,0.07407000000000001
2025-10-28 16:32:00.251,115179.6,115184.0,115179.6,115184.0,0.07128000000000001
2025-10-28 16:32:00.342,115184.0,115189.47,115184.0,115189.47,0.08380000000000001
2025-10-28 16:32:00.448,115189.48,115193.27,115189.48,115193.26,0.05001000000000006
2025-10-28 16:32:00.893,115193.26,115193.27,115193.26,115193.27,0.14414000000000005
2025-10-28 16:32:00.904,115193.27,115196.26,115193.27,115196.26,0.20381000000000005
2025-10-28 16:32:00.904,115196.26,115196.26,115196.26,115196.26,0.17136
2025-10-28 16:32:00.904,115196.26,115196.26,115196.26,115196.26,0.26521
2025-10-28 16:32:01.465,115199.97,115199.99,115199.97,115199.99,0.23981000000000002
2025-10-28 16:32:01.615,115199.99,115217.26,115199.99,115217.26,0.1730600000000001
2025-10-28 16:32:02.012,115217.26,115231.53,115217.26,115231.53,0.051590000000000066
2025-10-28 16:32:02.216,115231.53,115240.72,115231.53,115240.72,0.06409
2025-10-28 16:32:03.216,115240.72,115260.82,115240.72,115260.82,0.05108000000000005
2025-10-28 16:32:03.216,115260.82,115270.85,115260.82,115270.85,0.11723
2025-10-28 16:32:03.723,115270.85,115270.86,115270.84,115270.84,0.08198000000000005
2025-10-28 16:32:03.808,115270.84,115270.84,115263.95,115263.95,0.2151
2025-10-28 16:32:05.514,115263.95,115270.82,115263.39,115263.39,0.06014000000000009
2025-10-28 16:32:05.586,115263.39,115263.39,115259.0,115259.0,0.06956
2025-10-28 16:32:06.192,115259.0,115259.0,115250.95,115250.96,0.15195
2025-10-28 16:32:06.192,115250.96,115250.96,115250.96,115250.96,0.1461
2025-10-28 16:32:06.192,115250.96,115250.96,115250.96,115250.96,0.13573000000000002
2025-10-28 16:32:06.464,115250.96,115250.96,115244.71,115244.71,0.0787700000000002
2025-10-28 16:32:06.464,115244.71,115244.71,115244.5,115244.5,0.06025
2025-10-28 16:32:07.008,115244.5,115244.5,115237.04,115237.04,0.13916000000000003
2025-10-28 16:32:07.008,115237.04,115237.04,115237.04,115237.04,0.08940000000000001
2025-10-28 16:32:07.008,115237.04,115237.04,115237.04,115237.04,0.09665000000000001
2025-10-28 16:32:07.316,115237.04,115237.04,115221.24,115221.24,0.10429000000000016
2025-10-28 16:32:07.322,115221.24,115221.24,115202.47,115202.47,0.08678000000000016
2025-10-28 16:32:07.362,115202.48,115202.48,115202.47,115202.48,0.10744000000000001
2025-10-28 16:32:07.844,115202.47,115202.48,115202.47,115202.48,0.05969
2025-10-28 16:32:07.844,115202.48,115202.48,115202.48,115202.48,0.13682000000000002
2025-10-28 16:32:08.518,115202.48,115207.09,115202.48,115207.08,0.10093
2025-10-28 16:32:08.518,115207.08,115207.08,115207.08,115207.08,0.183
2025-10-28 16:32:09.998,115207.08,115207.08,115205.92,115205.93,0.05900999999999998
2025-10-28 16:32:09.998,115205.93,115205.93,115205.93,115205.93,0.13695000000000002
2025-10-28 16:32:09.998,115205.93,115205.93,115205.93,115205.93,0.07606
2025-10-28 16:32:09.998,115205.93,115205.93,115205.93,115205.93,0.06811
2025-10-28 16:32:10.001,115205.93,115205.93,115205.93,115205.93,0.07241
2025-10-28 16:32:10.002,115205.93,115205.93,115205.93,115205.93,0.06279
2025-10-28 16:32:10.108,115205.93,115207.24,115205.93,115207.24,0.07042000000000001
2025-10-28 16:32:10.111,115207.24,115207.24,115207.24,115207.24,0.10491
2025-10-28 16:32:10.200,115207.24,115214.86,115207.24,115214.86,0.06883000000000013
2025-10-28 16:32:10.544,115214.86,115224.77,115214.86,115224.77,0.050040000000000216
2025-10-28 16:32:10.904,115224.77,115224.77,115224.76,115224.76,0.07264000000000001
2025-10-28 16:32:12.833,115224.77,115227.48,115224.77,115227.47,0.06879
2025-10-28 16:32:13.327,115227.48,115230.36,115227.47,115230.36,0.16301000000000007
2025-10-28 16:32:14.154,115230.36,115242.65,115230.36,115242.64,0.05323000000000023
2025-10-28 16:32:14.606,115242.64,115242.65,115242.64,115242.65,0.15408000000000002
2025-10-28 16:32:15.285,115242.65,115242.65,115242.64,115242.64,0.07841000000000002
2025-10-28 16:32:15.350,115242.64,115242.64,115237.04,115237.04,0.28268
2025-10-28 16:32:16.376,115237.04,115237.04,115228.2,115228.21,0.05096
2025-10-28 16:32:17.715,115228.21,115228.21,115218.82,115218.82,0.05011000000000009
2025-10-28 16:32:20.528,115218.82,115218.82,115218.68,115218.69,0.057879999999999994
2025-10-28 16:32:20.716,115218.69,115234.05,115218.69,115234.05,0.07502000000000023
2025-10-28 16:32:20.716,115234.05,115241.05,115234.05,115241.05,0.10111
2025-10-28 16:32:21.355,115241.05,115241.06,115241.05,115241.06,0.13592
2025-10-28 16:32:21.355,115241.06,115241.06,115241.06,115241.06,0.13837000000000002
2025-10-28 16:32:21.355,115241.06,115241.06,115241.06,115241.06,0.22676000000000004
2025-10-28 16:32:21.683,115241.06,115241.06,115241.05,115241.06,0.05079
2025-10-28 16:32:21.683,115241.06,115241.06,115241.06,115241.06,0.07462
2025-10-28 16:32:21.683,115241.06,115241.06,115241.06,115241.06,0.31505
2025-10-28 16:32:21.683,115241.06,115241.06,115241.06,115241.06,0.12236000000000001
2025-10-28 16:32:25.436,115241.06,115241.06,115229.81,115229.85,0.05634000000000015
2025-10-28 16:32:26.672,115229.85,115236.73,115229.85,115236.73,0.16592
2025-10-28 16:32:26.672,115236.73,115236.73,115236.73,115236.73,0.07276
2025-10-28 16:32:26.672,115236.73,115236.73,115236.73,115236.73,0.067
2025-10-28 16:32:26.672,115236.73,115236.73,115236.73,115236.73,0.07455
2025-10-28 16:32:26.672,115236.73,115236.73,115236.73,115236.73,0.06949000000000001
2025-10-28 16:32:26.672,115236.73,115236.73,115236.73,115236.73,0.0777
2025-10-28 16:32:26.673,115236.73,115237.27,115236.73,115237.27,0.13185000000000005
2025-10-28 16:32:26.673,115237.27,115237.27,115237.27,115237.27,0.14698
2025-10-28 16:32:26.676,115237.27,115241.06,115237.27,115241.06,0.07804000000000003
2025-10-28 16:32:27.515,115241.06,115252.0,115241.06,115252.0,0.05105000000000009
2025-10-28 16:32:28.300,115252.0,115259.25,115252.0,115259.25,0.13119
2025-10-28 16:32:28.635,115259.24,115259.25,115259.24,115259.25,0.058460000000000005
2025-10-28 16:32:30.730,115259.24,115259.24,115250.91,115250.91,0.07332000000000005
2025-10-28 16:32:33.053,115250.91,115250.91,115241.38,115241.38,0.16998000000000002
2025-10-28 16:32:33.054,115241.38,115241.38,115241.38,115241.38,0.07495
2025-10-28 16:32:33.054,115241.38,115241.38,115241.38,115241.38,0.08518
2025-10-28 16:32:33.054,115241.38,115241.38,115241.38,115241.38,0.07512
2025-10-28 16:32:33.054,115241.38,115241.38,115241.38,115241.38,0.053430000000000005
2025-10-28 16:32:33.054,115241.38,115241.38,115241.38,115241.38,0.19957000000000003
2025-10-28 16:32:33.054,115241.38,115241.38,115241.38,115241.38,0.15983
2025-10-28 16:32:33.054,115241.38,115241.38,115241.38,115241.38,0.0741
2025-10-28 16:32:33.054,115241.38,115241.38,115241.38,115241.38,0.06605000000000001
2025-10-28 16:32:33.055,115241.38,115241.38,115236.5,115236.5,0.058270000000000044
2025-10-28 16:32:33.056,115236.5,115236.5,115236.21,115236.21,0.1634
2025-10-28 16:32:33.056,115236.21,115236.21,115236.21,115236.21,0.06471
2025-10-28 16:32:33.067,115236.21,115236.21,115231.85,115231.85,0.06952000000000004
2025-10-28 16:32:33.072,115231.85,115231.85,115231.85,115231.85,0.06439
2025-10-28 16:32:33.488,115231.85,115231.85,115225.5,115225.51,0.08832999999999999
2025-10-28 16:32:34.138,115225.51,115225.51,115222.05,115222.05,0.050030000000000185
2025-10-28 16:32:35.383,115222.05,115222.05,115213.53,115213.54,0.06016000000000005
2025-10-28 16:32:36.790,115213.53,115213.53,115207.23,115207.23,0.06879999999999999
2025-10-28 16:32:36.900,115207.23,115207.23,115198.55,115198.55,0.05003000000000029
2025-10-28 16:32:37.190,115198.55,115198.56,115194.53,115194.62,0.18093000000000015
2025-10-28 16:32:37.194,115194.61,115194.61,115192.25,115192.25,0.10981
2025-10-28 16:32:37.194,115192.25,115192.25,115192.25,115192.25,0.14916000000000001
2025-10-28 16:32:37.202,115192.25,115192.25,115192.25,115192.25,0.10072
2025-10-28 16:32:37.203,115192.25,115192.25,115192.25,115192.25,0.08743000000000001
2025-10-28 16:32:37.203,115192.25,115192.25,115192.25,115192.25,0.06498000000000001
2025-10-28 16:32:37.204,115192.25,115192.25,115192.0,115192.0,0.050020000000000044
2025-10-28 16:32:37.208,115192.0,115192.0,115190.72,115190.72,0.11677000000000001
2025-10-28 16:32:37.478,115190.72,115190.72,115189.94,115189.94,0.3404800000000002
2025-10-28 16:32:37.478,115189.94,115189.94,115189.94,115189.94,0.29575
2025-10-28 16:32:37.483,115189.94,115189.94,115189.26,115189.26,0.05238
2025-10-28 16:32:37.484,115189.26,115189.26,115189.26,115189.26,0.10484
2025-10-28 16:32:37.485,115189.26,115189.26,115189.26,115189.26,0.059680000000000004
2025-10-28 16:32:37.487,115189.26,115189.26,115189.26,115189.26,0.05433
2025-10-28 16:32:37.490,115189.26,115189.26,115189.26,115189.26,0.09385000000000002
2025-10-28 16:32:37.503,115189.26,115189.26,115189.26,115189.26,0.28155
2025-10-28 16:32:37.503,115189.26,115189.26,115189.26,115189.26,0.2514
2025-10-28 16:32:37.503,115189.26,115189.26,115189.26,115189.26,0.29486
2025-10-28 16:32:38.004,115189.26,115189.26,115180.97,115180.97,0.05025000000000004
2025-10-28 16:32:40.413,115180.97,115180.97,115180.0,115180.01,0.26665000000000005
2025-10-28 16:32:40.472,115180.01,115180.95,115180.01,115180.95,0.12093000000000007
2025-10-28 16:32:40.515,115180.95,115190.92,115180.95,115190.92,0.13354000000000002
2025-10-28 16:32:44.566,115190.92,115199.11,115190.92,115199.1,0.08421000000000019
2025-10-28 16:32:46.007,115199.1,115199.11,115199.1,115199.11,0.18717000000000003
2025-10-28 16:32:48.082,115199.11,115199.11,115199.1,115199.1,0.08588000000000001
2025-10-28 16:32:51.904,115199.11,115199.11,115199.1,115199.1,0.15862
2025-10-28 16:32:51.905,115199.1,115199.1,115199.1,115199.1,0.06386
2025-10-28 16:32:51.905,115199.1,115199.1,115199.1,115199.1,0.12088
2025-10-28 16:32:51.906,115199.1,115199.1,115199.1,115199.1,0.05759
2025-10-28 16:32:52.868,115199.1,115199.11,115199.1,115199.1,0.0932
2025-10-28 16:32:52.910,115199.1,115199.1,115189.58,115189.58,0.055680000000000104
2025-10-28 16:32:52.913,115189.58,115189.58,115189.58,115189.58,0.054000000000000006
2025-10-28 16:32:53.285,115189.58,115189.58,115176.0,115176.0,0.05054000000000025
2025-10-28 16:32:57.024,115176.0,115176.01,115176.0,115176.0,0.08456000000000002
2025-10-28 16:32:57.024,115176.0,115176.0,115176.0,115176.0,0.23662000000000002
2025-10-28 16:32:57.032,115176.0,115176.0,115166.48,115166.48,0.0569100000000001
2025-10-28 16:32:57.034,115166.48,115166.48,115166.48,115166.48,0.054000000000000006
2025-10-28 16:32:59.615,115166.48,115166.49,115166.48,115166.49,0.05002000000000002
2025-10-28 16:33:00.315,115166.49,115173.73,115166.49,115173.73,0.07389000000000016
2025-10-28 16:33:00.495,115173.73,115181.41,115173.73,115181.41,0.0682500000000002
2025-10-28 16:33:01.150,115181.41,115196.39,115181.41,115196.39,0.09011000000000008
2025-10-28 16:33:01.315,115196.39,115199.11,115196.39,115199.11,0.06238000000000008
2025-10-28 16:33:01.515,115199.11,115202.55,115199.11,,0.01612000000000001
